geometry,name,description,Source
Point,"Royal Highland Show, Ingliston. ","Roots' and 'The Thistle' shown at the Royal Highland Show, Ingliston, June 1936. The Royal Highland is Scotland's biggest annual agricultural show.","The Scotsman, 24 June 1936, p. 16"
Point,"Screening, Bingley","Demonstration of Educational Films at a vacation course for teachers in the summer of 1936, led by G. T. Hankin. Included 'The Flight Machine' and a film about plant growth. ","Yorkshire Post and Leeds Intelligencer, 29 July 1936, p. 3"
Point,"Screening: Albion Cinema, South Shields. ","Albion Cinema, Tynemouth Road, South Shields. Selection of 'Secrets' showing ornithological subjects.  ","Shields Daily News, 22 November 1932, p. 6"
Point,"Screening: Apollo, Southsea","Unspecified 'Secrets of Nature' films, shown at the Apollo in Southsea, July 1930.","Portsmouth Evening News, 19 July 1930, p. 1"
Point,Screening: Berwick-upon-Tweed,"Giant Snails' shown at The Playhouse, Berwick-upon-Tweed, March 1924","The Berwick Advertiser, 13 March 1924, p. 1"
Point,Screening: Birmingham and Midlands Institute,"Secrets shown at the Midland Pavilion, February 1924

","Birmingham Daily Gazette, 12 February 1924, p. 3"
Point,Screening: Bournemouth Electric Theatre,"Screenings of ""The Robin"" and ""The Gannet"", February 1924. Electric Theatre, 27 Commercial Road, Bournemouth, BH2. ","Swanage Times & Directory, 9 February 1924, p. 1"
Point,Screening: Brixton Pavilion,Showed the second season of 'Secrets of Nature' in 1923,"Kinematograph Weekly, 11 October 1923, p. 22"
Point,"Screening: Central Hall, Old Market Street, Bristol","Central Hall, Old Market Street, Bristol. 11 February 1927. 'The Life of a Plant'.","The Woman Teacher. Vol. 8, no. 17 (1927), p. 142"
Point,"Screening: Central Picture House, Hull","Screening of 'The Cuckoo's Secret' at the Central Picture House, Hull.","Hull Daily Mail, 8 April 1922, p. 2"
Point,Screening: Chiswick Empire,"Screening of 'The Life of a Plant', Chiswick Empire, London, November 1926.","West London Observer, 12 November 1926, p. 6"
Point,"Screening: Cinema, Swanage","Screening of unspecified 'Secrets' film, supporting a film called 'Going Up'. October 1925. 

","Swanage Times & Directory, 3 October 1925, p. 8. "
Point,"Screening: Cosmopolitan Cinema, Cambridge","London Visitors' and 'Fingers and Thumbs' at the Cosmopolitan Cinema, Cambridge. November 1939. ","Cambridge Daily News, 20 November 1939, p. 2"
Point,"Screening: Electra, Sheffield","Screening of 'Battle of the Ants'. Electra, Fitzalan Square, Sheffield.","Sheffield Daily Telegraph, 3 October 1924, p. 1"
Point,"Screening: Electric Theatre, Devonport","Electric Theatre, Fore Street, Devonport. Screening of unspecified 'Secrets of Nature' films, February 1923.

","Western Evening Herald, 3 February 1923, p. 2."
Point,"Screening: Empire Theatre, Chatham","The Flight Machine' shown at the Empire Theatre, Chatham,  September 1930.","East Kent Gazette, 27 September 1930, p. 1"
Point,Screening: Falkirk Pavilion,"Unspecified 'Secrets', screened at The Pavilion in Falkirk, February 1926.","Falkirk Herald, 30 January 1926, p. 9"
Point,"Screening: Gaiety Picture Theatre, Hastings","Gaiety Picture Theatre, Hastings. Unspecified 'Secrets' film, 9 December 1933.","Sussex Agricultural Express, 8 December 1933, p. 14"
Point,"Screening: George Street Cinema, Oxford","The Stickleback'. George Street Cinema, Oxford.","Oxford Chronicle and Reading Gazette, 11 January 1924, p. 2"
Point,"Screening: Grand Cinema, Crewe","Screening of unspecified 'Secrets' films, supporting 'Marooned Hearts'. August 1926.","Crewe Chronicle, 14 August 1926, p. 1."
Point,"Screening: Grand Pavilion, Bridlington","Unspecified 'Secrets', shown as part of an evening entertainment programme at the Bridlington Grand Pavilion, October 1924.","Bridlington Free Press, 18 October 1924"
Point,"Screening: Hayes, Uxbridge","The Regent, 16 Station Road, Hayes. December 1924. 'Crabs and Camouflage' and other unspecified Secrets. ","Uxbridge and West Drayton Gazette, 28 November 1924, p. 5"
Point,Screening: Hendon Cinema,"Showing of unspecified 'Secrets' films at the Hendon Cinema, August 1926.","Hendon & Finchley Times, 13 August 1926, p. 1"
Point,"Screening: Kosmos Kinema, Tunbridge Wells",An unidentified 'Secrets' film was shown in November 1923 at the Kosmos Kinema in Tunbridge Wells.,"Kent & Sussex Courier, 30 November 1923, p. 11"
Point,Screening: Leeds. ,"Tatler Theatre, Leeds, October 1939. Screening of 'Swan Song'.","Yorkshire Evening Post, 17 October 1939, p. 4"
Point,Screening: Lyme Regis cinema,"Secrets of Nature' film about seagulls shown in the town's only cinema in 1937. The film was probably 'London Visitors' (1936), about the black-headed gull. ","Richard Carr, ‘From Monmouth to Movies’, World Film and Television Progress vol. 2 no. 5 (August 1937), pp. 12-13"
Point,"Screening: Majestic Cinema, Wrexham","Screening of 'The May Fly' and other Secrets of Nature, at the Majestic Cinema, Regent Street, Wrexham (Wales)

","Rhos Herald, 8 December 1923, p. 5"
Point,Screening: Mexborough Empire,Unspecified 'Secrets of Nature'. Mexborough Empire. ,"South Yorkshire Times and Mexborough & Swinton Times, 19 April 1924, p. 8"
Point,"Screening: Midland Electric Picture Palace, Derby","Midland Electric Picture Palace, 4 Babington Lane, Derby. 'Evolution of the Caddis Fly' and other 'Secrets of Nature'. October 1922.","West Bridgford Advertiser, 28 October 1922, p. 8"
Point,Screening: Newark-on-Trent,"""Special Messengers"" screened at the Palace Cinema (now theatre), supporting a film called 'The Vagabond Lover'. 
Also ""Hold-All"", screened in December 1930.

Newark Advertiser, 31 December 1930, p. 6.","Newark Advertiser, 28 January 1931, p. 7."
Point,"Screening: Northern's, Hartlepool","Screening of 'Cabbages and Things', Northern's, Hartlepool. June 1924.","Hartlepool Northern Daily Mail, 31 May 1924, p. 5"
Point,"Screening: Opera House, Derry","Screening of unspecified 'Secrets', at the Opera House, 39 Carlisle Road, Derry. August 1930.","Londonderry Sentinel, 16 August 1930, p. 5"
Point,"Screening: Pavilion Cinema, Carnoustie","Screening of unspecified 'Secrets' films, at the Pavilion Cinema, Park Avenue, Carnoustie. June 1926.","Arbroath Herald, 25 June 1926, p. 6"
Point,"Screening: Public Hall Picture Theatre, Colwyn Bay","Screening of a 'new set' of Secrets of Nature films, December 1923. ","North Wales Weekly News, 13 December 1923, p. 1"
Point,Screening: Rhos on Sea. ,"Rhos PIcture Playhouse. Penrhyn Avenue, Rhos on Sea. Screening of unspecified 'Secrets of Nature' films.","North Wales Weekly News, 28 December 1922, p. 1"
Point,"Screening: Ritz Cinema, Edinburgh","Ritz Cinema, Rodney Street, Edinburgh. 'Flight Machine' and 'Zoo Babies' shown as part of a programme of 'Films for Children' in December 1932.","The Scotsman, 19 December 1932, p. 7"
Point,"Screening: RSPCA, Leominster","Screening of 'The Flight Machine' and 'Safety in Hiding', as part of an RSPCA demonstration of projectors. 
","Kington Times, 11 November 1933, p. 8"
Point,"Screening: Scala Theatre, Nottingham","Scala Theatre, Nottingham. Unspecified 'Secrets of Nature'.","Nottingham Evening Post, 20 July 1926, p. 7"
Point,"Screening: Star Picture House, Preston","Screening of 'The Puss Moth' at the Star Picture House, Preston. September 1926.","Lancashire Evening Post, 31 August 1926, p. 1"
Point,"Screening: Tatler News Theatre, Chester","London Visitors' shown at the Tatler News Theatre, Chester. ","Cheshire Observer, 13 February 1937, p. 2"
Point,"Screening: The Cinema House, St Andrews","Cabbages and Things', screened at The Cinema House, North Street, St Andrews, May 1924.","St. Andrews Citizen, 10 May 1924, p. 4"
Point,"Screening: The Grove Cinema, Hythe","Peas and Cues' at The Grove Cinema, Hythe. June 1930.","Folkestone, Hythe, Sandgate & Cheriton Herald, 21 June 1930, p. 13. "
Point,"Screening: The Pavilion, Marble Arch","Showed the second season of the 'Secrets', October 1923.","Kinematograph Weekly, 11 October 1923, p. 22"
Point,"Screening: The Picture House, Belfast","The Battle of the Ants', shown at The Picture House, Belfast, September 1924.","Belfast Telegraph, 5 September 1924, p. 1"
Point,"Screening: The Picture House, Belfast","The Cuckoo's Secret' at the Picture House, Royal Avenue, Belfast. April 1922.","Northern Whig , 24 April 1922, p. 6"
Point,"Screening: The Picture House, Stirling",The Life of a Plant' shown as part of an Agricultural Film Demonstration organised by the Empire Marketing Board and the Board of Agriculture for Scotland. 19 January 1928.,"Falkirk Herald, 14 January 1928, p. 6. "
Point,"Screening: Theatre and Opera House, Cheltenham","The Story of the Grasses', at the Theatre and Opera House, Cheltenham. December 1929.","Gloucester Citizen, 17 December 1929, p. 12"
Point,Screening: Todmorden Hippodrome,"Todmorden Hippodrome, October 1930. 'The Flight Machine'.","Todmorden District News, 10 October 1930, p. 1"
Point,"Screening: Union Cinemas, Neath","Unspecified 'Secrets', Union Cinemas Gnoll, Neath. June 1937.","Port Talbot Guardian, 16 June 1937, p. 4"
Point,"Screening: Victoria Cinema, Fleetwood","Screening of 'The Sundew' at the Victoria Cinema, Paulton, Fleetwood. May 1930.","Fleetwood Chronicle, 16 May 1930, p. 2"
Point,"Screening. Empire Theatre, Coventry.","The Life of a Plant'. Empire Theatre, Coventry.","Coventry Evening Telegraph, 18 August 1926, p. 1"
Point,Screening. Rugby. ,"The Flight Machine' shown at the Faraday Centenary Exhibition in Rugby, 1931.","Rugby Advertiser, 30 October 1931, p. 3"